AAC	0.5
AAG	0.827692307692308
ATC	0.630769230769231
ATT	0.814615384615385
CAC	0.72
CAG	0.521538461538462
CCA	0.576973076923077
CCG	0.492307692307692
CCT	0.5
CGT	0.561153846153846
CTT	0.538461538461538
GAC	0.846153846153846
GAG	0.866153846153846
GAT	0.499230769230769
GCC	0.526153846153846
GCG	0.546153846153846
GCT	0.730769230769231
GGC	1
GGT	0.59
GTC	0.475384615384615
GTG	0.484615384615385
GTT	0.568076923076923
TAC	0.681538461538462
TCT	0.475384615384615
TGG	0.692307692307692
TTC	0.692307692307692
TTG	0.510769230769231
